Match Date,Home Team,Away Team
2026-06-03,Home Team Name,Away Team Name

Line,Home Players,Away Players,Played (Y/N),Set 1 Home,Set 1 Away,Set 2 Home,Set 2 Away,TB/Set 3 Home,TB/Set 3 Away,Home Sets Won,Away Sets Won,Home Total Games,Away Total Games,Home Line Pts,Away Line Pts,Points Available
Line 1 (#1/#2),Player A / Player B,Player C / Player D,Y,6,4,6,4,,,"=IF(E5="""",0,IF(E5>F5,1,0))+IF(G5="""",0,IF(G5>H5,1,0))+IF(I5="""",0,IF(I5>J5,1,0))","=IF(F5="""",0,IF(F5>E5,1,0))+IF(H5="""",0,IF(H5>G5,1,0))+IF(J5="""",0,IF(J5>I5,1,0))","=SUM(E5,G5,I5)","=SUM(F5,H5,J5)","=IF(D5=""Y"", 1, 0) + IF(AND(K5=1, L5=1, ISBLANK(I5), ISBLANK(J5), M5=N5), 1, IF(AND(K5=1, L5=1, ISBLANK(I5), ISBLANK(J5), M5>N5), 2, K5))","=IF(D5=""Y"", 1, 0) + IF(AND(K5=1, L5=1, ISBLANK(I5), ISBLANK(J5), M5=N5), 1, IF(AND(K5=1, L5=1, ISBLANK(I5), ISBLANK(J5), N5>M5), 2, L5))","=IF(D5<>""Y"", 0, IF(AND(K5=1, L5=1, ISBLANK(I5), ISBLANK(J5), M5=N5), 2, 3))"
Line 2 (#3 Pair A),Player E / Player F,Player G / Player H,Y,6,4,4,6,10,7,"=IF(E6="""",0,IF(E6>F6,1,0))+IF(G6="""",0,IF(G6>H6,1,0))+IF(I6="""",0,IF(I6>J6,1,0))","=IF(F6="""",0,IF(F6>E6,1,0))+IF(H6="""",0,IF(H6>G6,1,0))+IF(J6="""",0,IF(J6>I6,1,0))","=SUM(E6,G6,I6)","=SUM(F6,H6,J6)","=IF(D6=""Y"", 1, 0) + IF(AND(K6=1, L6=1, ISBLANK(I6), ISBLANK(J6), M6=N6), 1, IF(AND(K6=1, L6=1, ISBLANK(I6), ISBLANK(J6), M6>N6), 2, K6))","=IF(D6=""Y"", 1, 0) + IF(AND(K6=1, L6=1, ISBLANK(I6), ISBLANK(J6), M6=N6), 1, IF(AND(K6=1, L6=1, ISBLANK(I6), ISBLANK(J6), N6>M6), 2, L6))","=IF(D6<>""Y"", 0, IF(AND(K6=1, L6=1, ISBLANK(I6), ISBLANK(J6), M6=N6), 2, 3))"
Line 3 (#3 Pair B),Player I / Player J,Player K / Player L,Y,6,2,4,6,,"=IF(E7="""",0,IF(E7>F7,1,0))+IF(G7="""",0,IF(G7>H7,1,0))+IF(I7="""",0,IF(I7>J7,1,0))","=IF(F7="""",0,IF(F7>E7,1,0))+IF(H7="""",0,IF(H7>G7,1,0))+IF(J7="""",0,IF(J7>I7,1,0))","=SUM(E7,G7,I7)","=SUM(F7,H7,J7)","=IF(D7=""Y"", 1, 0) + IF(AND(K7=1, L7=1, ISBLANK(I7), ISBLANK(J7), M7=N7), 1, IF(AND(K7=1, L7=1, ISBLANK(I7), ISBLANK(J7), M7>N7), 2, K7))","=IF(D7=""Y"", 1, 0) + IF(AND(K7=1, L7=1, ISBLANK(I7), ISBLANK(J7), M7=N7), 1, IF(AND(K7=1, L7=1, ISBLANK(I7), ISBLANK(J7), N7>M7), 2, L7))","=IF(D7<>""Y"", 0, IF(AND(K7=1, L7=1, ISBLANK(I7), ISBLANK(J7), M7=N7), 2, 3))"
Line 4 (#4/#5),Player M / Player N,Player O / Player P,Y,6,4,4,6,,"=IF(E8="""",0,IF(E8>F8,1,0))+IF(G8="""",0,IF(G8>H8,1,0))+IF(I8="""",0,IF(I8>J8,1,0))","=IF(F8="""",0,IF(F8>E8,1,0))+IF(H8="""",0,IF(H8>G8,1,0))+IF(J8="""",0,IF(J8>I8,1,0))","=SUM(E8,G8,I8)","=SUM(F8,H8,J8)","=IF(D8=""Y"", 1, 0) + IF(AND(K8=1, L8=1, ISBLANK(I8), ISBLANK(J8), M8=N8), 1, IF(AND(K8=1, L8=1, ISBLANK(I8), ISBLANK(J8), M8>N8), 2, K8))","=IF(D8=""Y"", 1, 0) + IF(AND(K8=1, L8=1, ISBLANK(I8), ISBLANK(J8), M8=N8), 1, IF(AND(K8=1, L8=1, ISBLANK(I8), ISBLANK(J8), N8>M8), 2, L8))","=IF(D8<>""Y"", 0, IF(AND(K8=1, L8=1, ISBLANK(I8), ISBLANK(J8), M8=N8), 2, 3))"

TOTAL MATCH SUMMARY,,,,,,,,,,,,,,
MATCH TOTAL POINTS Earned,,,,,,,,,,,,=SUM(O5:O8),=SUM(P5:P8),=SUM(Q5:Q8)
MATCH WINNING PERCENTAGE,,,,,,,,,,,,=TEXT(O11/Q11,"0.0%"),=TEXT(P11/Q11,"0.0%"),
